dst,src,id,type,status
85952945096512000443818172970767333825193241660821954780923427068599225917105,56559387814334441412492971762632785811474826849429050294240973483603606408466,350,UNKNOW:6,received
112865437415906332786328398388168845416308980718933860169122309032360379224223,112865437415906332786328398388168845416308980718933860169122309032360379224223,230,MSG_RESPONSE,received
73983924197885449628468560258946709222137735307889878525802023542666498673898,56559387814334441412492971762632785811474826849429050294240973483603606408466,351,UNKNOW:6,received
114776748084927477031928191790569213859143943500011873769058109262763811528785,114776748084927477031928191790569213859143943500011873769058109262763811528785,110,MSG_RESPONSE,received
85952945096512000443818172970767333825193241660821954780923427068599225917105,85952945096512000443818172970767333825193241660821954780923427068599225917105,352,MSG_RESPONSE,received
113971621484583213149305319679067523870715092451021047447352655827264442281807,113971621484583213149305319679067523870715092451021047447352655827264442281807,111,MSG_RESPONSE,received
53361331161743896077078469861579638670051149682413463443234311020456303226868,100346084444242169770654780250445411069280856417744040979214566744802148793875,232,UNKNOW:6,received
73983924197885449628468560258946709222137735307889878525802023542666498673898,73983924197885449628468560258946709222137735307889878525802023542666498673898,353,MSG_RESPONSE,received
103023377138807206278733807591160921399649398132682328939195930395491904695900,30785878097002911169928081224865046996305996365267590437657074154186957111437,112,UNKNOW:6,received
53419674511685754302540162400396459817063132523141097549792039196438525535419,100346084444242169770654780250445411069280856417744040979214566744802148793875,233,UNKNOW:6,received
81496702492821323589029404992960222428602622490827698355804816886064890750563,81496702492821323589029404992960222428602622490827698355804816886064890750563,354,MSG_RESPONSE,received
105875080412760148429624501763827624212327272056781024099513955699004588522759,30785878097002911169928081224865046996305996365267590437657074154186957111437,113,UNKNOW:6,received
43568084745305296127223125163439810702938064612217787378858319248651442968139,100346084444242169770654780250445411069280856417744040979214566744802148793875,234,UNKNOW:6,received
68356505086535551200608907163321701216452589350994452258651217546217669618851,56559387814334441412492971762632785811474826849429050294240973483603606408466,355,UNKNOW:6,received
107226767459581317767844583912817849269583998434099643520621297707898981728768,30785878097002911169928081224865046996305996365267590437657074154186957111437,114,UNKNOW:6,received
53361331161743896077078469861579638670051149682413463443234311020456303226868,53361331161743896077078469861579638670051149682413463443234311020456303226868,235,MSG_RESPONSE,received
71896941978754809488137974348151998693205792533709324513258578369466739949960,56559387814334441412492971762632785811474826849429050294240973483603606408466,356,UNKNOW:6,received
105875080412760148429624501763827624212327272056781024099513955699004588522759,105875080412760148429624501763827624212327272056781024099513955699004588522759,115,MSG_RESPONSE,received
43568084745305296127223125163439810702938064612217787378858319248651442968139,43568084745305296127223125163439810702938064612217787378858319248651442968139,236,MSG_RESPONSE,received
62436362823430421640289972361387227137568751652519106266105595549386515717638,56559387814334441412492971762632785811474826849429050294240973483603606408466,357,UNKNOW:6,received
103023377138807206278733807591160921399649398132682328939195930395491904695900,103023377138807206278733807591160921399649398132682328939195930395491904695900,116,MSG_RESPONSE,received
53419674511685754302540162400396459817063132523141097549792039196438525535419,53419674511685754302540162400396459817063132523141097549792039196438525535419,237,MSG_RESPONSE,received
62436362823430421640289972361387227137568751652519106266105595549386515717638,62436362823430421640289972361387227137568751652519106266105595549386515717638,358,MSG_RESPONSE,received
107226767459581317767844583912817849269583998434099643520621297707898981728768,107226767459581317767844583912817849269583998434099643520621297707898981728768,117,MSG_RESPONSE,received
45181904661908718455410778292134478731360323933496910893633573989877944433026,100346084444242169770654780250445411069280856417744040979214566744802148793875,238,UNKNOW:6,received
68356505086535551200608907163321701216452589350994452258651217546217669618851,68356505086535551200608907163321701216452589350994452258651217546217669618851,359,MSG_RESPONSE,received
107442146857094918533505676591216762960158330958637723605132424179098757693914,30785878097002911169928081224865046996305996365267590437657074154186957111437,118,UNKNOW:6,received
38418340655382688823720733462922658279373288790663591115478075961271636980803,100346084444242169770654780250445411069280856417744040979214566744802148793875,239,UNKNOW:6,received
66649874376735101542746891127405196807545622139112982889443207191569795016225,30785878097002911169928081224865046996305996365267590437657074154186957111437,119,UNKNOW:6,received
70421789635389047983695523996575154748247230649218127786954559401465316856585,70421789635389047983695523996575154748247230649218127786954559401465316856585,10,MSG_RESPONSE,received
58264319852933632286469580619958992168067118685244184571393188136088086908036,58264319852933632286469580619958992168067118685244184571393188136088086908036,11,MSG_RESPONSE,received
59153507310280160812999262436530984265687896154025783184150669902028700902547,59153507310280160812999262436530984265687896154025783184150669902028700902547,12,MSG_RESPONSE,received
63603999239902030189280818576798290226753581865749269433972301647817541131797,107226767459581317767844583912817849269583998434099643520621297707898981728768,13,UNKNOW:6,received
62436362823430421640289972361387227137568751652519106266105595549386515717638,107226767459581317767844583912817849269583998434099643520621297707898981728768,14,UNKNOW:6,received
62101433460086714777742258717986077936219151512656858979668212515437770683208,107226767459581317767844583912817849269583998434099643520621297707898981728768,15,UNKNOW:6,received
62436362823430421640289972361387227137568751652519106266105595549386515717638,62436362823430421640289972361387227137568751652519106266105595549386515717638,16,MSG_RESPONSE,received
63603999239902030189280818576798290226753581865749269433972301647817541131797,63603999239902030189280818576798290226753581865749269433972301647817541131797,17,MSG_RESPONSE,received
62101433460086714777742258717986077936219151512656858979668212515437770683208,62101433460086714777742258717986077936219151512656858979668212515437770683208,18,MSG_RESPONSE,received
80078577880492190055291958835687491351447235353520825150881534967336775717810,107226767459581317767844583912817849269583998434099643520621297707898981728768,19,UNKNOW:6,received
71896941978754809488137974348151998693205792533709324513258578369466739949960,71896941978754809488137974348151998693205792533709324513258578369466739949960,360,MSG_RESPONSE,received
33748437612422773219378968224765130741693226654183676333640231977266549442093,100346084444242169770654780250445411069280856417744040979214566744802148793875,240,UNKNOW:6,received
63603999239902030189280818576798290226753581865749269433972301647817541131797,56559387814334441412492971762632785811474826849429050294240973483603606408466,361,UNKNOW:6,received
81369626915381206686123294800870750548857161636807104342760885069864211144176,30785878097002911169928081224865046996305996365267590437657074154186957111437,120,UNKNOW:6,received
38418340655382688823720733462922658279373288790663591115478075961271636980803,38418340655382688823720733462922658279373288790663591115478075961271636980803,241,MSG_RESPONSE,received
63603999239902030189280818576798290226753581865749269433972301647817541131797,63603999239902030189280818576798290226753581865749269433972301647817541131797,362,MSG_RESPONSE,received
107442146857094918533505676591216762960158330958637723605132424179098757693914,107442146857094918533505676591216762960158330958637723605132424179098757693914,121,MSG_RESPONSE,received
45181904661908718455410778292134478731360323933496910893633573989877944433026,45181904661908718455410778292134478731360323933496910893633573989877944433026,242,MSG_RESPONSE,received
68356505086535551200608907163321701216452589350994452258651217546217669618851,107226767459581317767844583912817849269583998434099643520621297707898981728768,1,UNKNOW:6,received
81369626915381206686123294800870750548857161636807104342760885069864211144176,81369626915381206686123294800870750548857161636807104342760885069864211144176,122,MSG_RESPONSE,received
33748437612422773219378968224765130741693226654183676333640231977266549442093,33748437612422773219378968224765130741693226654183676333640231977266549442093,243,MSG_RESPONSE,received
8523364268682509341164509062146178716950902529288496594674276389115196640448,6842850380191459018205941524238530656413658729157723726603175504249655620495,364,UNKNOW:6,received
65531265861602645054365044404976138351675371044965631563164901232683307247097,107226767459581317767844583912817849269583998434099643520621297707898981728768,2,UNKNOW:6,received
66649874376735101542746891127405196807545622139112982889443207191569795016225,66649874376735101542746891127405196807545622139112982889443207191569795016225,123,MSG_RESPONSE,received
31783015179489967560239444859659910659306992864071359414512705489668604703546,100346084444242169770654780250445411069280856417744040979214566744802148793875,244,UNKNOW:6,received
8494962651170941019486294942303452865045959709160683987927972345505688610755,6842850380191459018205941524238530656413658729157723726603175504249655620495,365,UNKNOW:6,received
70306270102513096388680130443380265238500025331999969146551560363734640998230,107226767459581317767844583912817849269583998434099643520621297707898981728768,3,UNKNOW:6,received
82731931477539070692868728073311431658483889524401297311805181393196701136193,30785878097002911169928081224865046996305996365267590437657074154186957111437,124,UNKNOW:6,received
28405567267148912274947717076150922520726865727784858964480895171462127121117,100346084444242169770654780250445411069280856417744040979214566744802148793875,245,UNKNOW:6,received
7827414009565362401611564523797608739606719013706381854873848927121668981393,6842850380191459018205941524238530656413658729157723726603175504249655620495,366,UNKNOW:6,received
65531265861602645054365044404976138351675371044965631563164901232683307247097,65531265861602645054365044404976138351675371044965631563164901232683307247097,4,MSG_RESPONSE,received
83814183170291850251680823880522715558189094423550585243365458794131648333116,30785878097002911169928081224865046996305996365267590437657074154186957111437,125,UNKNOW:6,received
20115715308540532828117039129570083090780591851374766858306012042028083665393,100346084444242169770654780250445411069280856417744040979214566744802148793875,246,UNKNOW:6,received
7827414009565362401611564523797608739606719013706381854873848927121668981393,7827414009565362401611564523797608739606719013706381854873848927121668981393,367,MSG_RESPONSE,received
68356505086535551200608907163321701216452589350994452258651217546217669618851,68356505086535551200608907163321701216452589350994452258651217546217669618851,5,MSG_RESPONSE,received
85952945096512000443818172970767333825193241660821954780923427068599225917105,30785878097002911169928081224865046996305996365267590437657074154186957111437,126,UNKNOW:6,received
31783015179489967560239444859659910659306992864071359414512705489668604703546,31783015179489967560239444859659910659306992864071359414512705489668604703546,247,MSG_RESPONSE,received
8523364268682509341164509062146178716950902529288496594674276389115196640448,8523364268682509341164509062146178716950902529288496594674276389115196640448,368,MSG_RESPONSE,received
70306270102513096388680130443380265238500025331999969146551560363734640998230,70306270102513096388680130443380265238500025331999969146551560363734640998230,6,MSG_RESPONSE,received
85952945096512000443818172970767333825193241660821954780923427068599225917105,85952945096512000443818172970767333825193241660821954780923427068599225917105,127,MSG_RESPONSE,received
20115715308540532828117039129570083090780591851374766858306012042028083665393,20115715308540532828117039129570083090780591851374766858306012042028083665393,248,MSG_RESPONSE,received
8494962651170941019486294942303452865045959709160683987927972345505688610755,8494962651170941019486294942303452865045959709160683987927972345505688610755,369,MSG_RESPONSE,received
70421789635389047983695523996575154748247230649218127786954559401465316856585,107226767459581317767844583912817849269583998434099643520621297707898981728768,7,UNKNOW:6,received
82731931477539070692868728073311431658483889524401297311805181393196701136193,82731931477539070692868728073311431658483889524401297311805181393196701136193,128,MSG_RESPONSE,received
28405567267148912274947717076150922520726865727784858964480895171462127121117,28405567267148912274947717076150922520726865727784858964480895171462127121117,249,MSG_RESPONSE,received
59153507310280160812999262436530984265687896154025783184150669902028700902547,107226767459581317767844583912817849269583998434099643520621297707898981728768,8,UNKNOW:6,received
83814183170291850251680823880522715558189094423550585243365458794131648333116,83814183170291850251680823880522715558189094423550585243365458794131648333116,129,MSG_RESPONSE,received
58264319852933632286469580619958992168067118685244184571393188136088086908036,107226767459581317767844583912817849269583998434099643520621297707898981728768,9,UNKNOW:6,received
80436537982845104255164778696387429036439345036294943921297296796280619419156,107226767459581317767844583912817849269583998434099643520621297707898981728768,20,UNKNOW:6,received
79993537289510517617727051112637658078058749620127994120933006366663706350461,107226767459581317767844583912817849269583998434099643520621297707898981728768,21,UNKNOW:6,received
80436537982845104255164778696387429036439345036294943921297296796280619419156,80436537982845104255164778696387429036439345036294943921297296796280619419156,22,MSG_RESPONSE,received
79993537289510517617727051112637658078058749620127994120933006366663706350461,79993537289510517617727051112637658078058749620127994120933006366663706350461,23,MSG_RESPONSE,received
80078577880492190055291958835687491351447235353520825150881534967336775717810,80078577880492190055291958835687491351447235353520825150881534967336775717810,24,MSG_RESPONSE,received
85952945096512000443818172970767333825193241660821954780923427068599225917105,107226767459581317767844583912817849269583998434099643520621297707898981728768,25,UNKNOW:6,received
78506933086795364704086891885315902559701516460652039157379722272371046958496,107226767459581317767844583912817849269583998434099643520621297707898981728768,26,UNKNOW:6,received
76010300722204424121412918284143240278198319473598938891779554382746310657067,107226767459581317767844583912817849269583998434099643520621297707898981728768,27,UNKNOW:6,received
76010300722204424121412918284143240278198319473598938891779554382746310657067,76010300722204424121412918284143240278198319473598938891779554382746310657067,28,MSG_RESPONSE,received
78506933086795364704086891885315902559701516460652039157379722272371046958496,78506933086795364704086891885315902559701516460652039157379722272371046958496,29,MSG_RESPONSE,received
7761671270246830666556750308371715563408160316947797203202748726645806857192,6842850380191459018205941524238530656413658729157723726603175504249655620495,370,UNKNOW:6,received
19191192076126320640924247483532137198489043609278031166569798519948120420409,100346084444242169770654780250445411069280856417744040979214566744802148793875,250,UNKNOW:6,received
10253295148924982754924438916670773240357611461115233717164119018598816496455,6842850380191459018205941524238530656413658729157723726603175504249655620495,371,UNKNOW:6,received
73983924197885449628468560258946709222137735307889878525802023542666498673898,30785878097002911169928081224865046996305996365267590437657074154186957111437,130,UNKNOW:6,received
16646573879907590399509196024616451507181138714942166530960518507274707557048,100346084444242169770654780250445411069280856417744040979214566744802148793875,251,UNKNOW:6,received
9181430055628084890681475351064702665344840479889262823812967623746445346585,6842850380191459018205941524238530656413658729157723726603175504249655620495,372,UNKNOW:6,received
73983924197885449628468560258946709222137735307889878525802023542666498673898,73983924197885449628468560258946709222137735307889878525802023542666498673898,131,MSG_RESPONSE,received
9181430055628084890681475351064702665344840479889262823812967623746445346585,100346084444242169770654780250445411069280856417744040979214566744802148793875,252,UNKNOW:6,received
7761671270246830666556750308371715563408160316947797203202748726645806857192,7761671270246830666556750308371715563408160316947797203202748726645806857192,373,MSG_RESPONSE,received
19191192076126320640924247483532137198489043609278031166569798519948120420409,19191192076126320640924247483532137198489043609278031166569798519948120420409,253,MSG_RESPONSE,received
10253295148924982754924438916670773240357611461115233717164119018598816496455,10253295148924982754924438916670773240357611461115233717164119018598816496455,374,MSG_RESPONSE,received
107442146857094918533505676591216762960158330958637723605132424179098757693914,34193150309944160930984138949035905471541865820819119492245752871851783559564,133,UNKNOW:6,received
9181430055628084890681475351064702665344840479889262823812967623746445346585,9181430055628084890681475351064702665344840479889262823812967623746445346585,254,MSG_RESPONSE,received
9181430055628084890681475351064702665344840479889262823812967623746445346585,9181430055628084890681475351064702665344840479889262823812967623746445346585,375,MSG_RESPONSE,received
106492057015924802230167652532529945865945802282888232155935962023688916599785,34193150309944160930984138949035905471541865820819119492245752871851783559564,134,UNKNOW:6,received
16646573879907590399509196024616451507181138714942166530960518507274707557048,16646573879907590399509196024616451507181138714942166530960518507274707557048,255,MSG_RESPONSE,received
9185466949607685463484509659201603258529815925450851046400613701088132795501,6842850380191459018205941524238530656413658729157723726603175504249655620495,376,UNKNOW:6,received
102666237640393879762969598305790141325978495061465050033587594266666388306876,34193150309944160930984138949035905471541865820819119492245752871851783559564,135,UNKNOW:6,received
10253295148924982754924438916670773240357611461115233717164119018598816496455,100346084444242169770654780250445411069280856417744040979214566744802148793875,256,UNKNOW:6,received
13199893048629954033670885125888800494757430082250118520065050430375869438577,6842850380191459018205941524238530656413658729157723726603175504249655620495,377,UNKNOW:6,received
106492057015924802230167652532529945865945802282888232155935962023688916599785,106492057015924802230167652532529945865945802282888232155935962023688916599785,136,MSG_RESPONSE,received
7761671270246830666556750308371715563408160316947797203202748726645806857192,100346084444242169770654780250445411069280856417744040979214566744802148793875,257,UNKNOW:6,received
954402066555953299572824501884848134468269134543846024226189795442928926569,6842850380191459018205941524238530656413658729157723726603175504249655620495,378,UNKNOW:6,received
107442146857094918533505676591216762960158330958637723605132424179098757693914,107442146857094918533505676591216762960158330958637723605132424179098757693914,137,MSG_RESPONSE,received
5913446381403408718712393547051865773512006038685437257404793731635684741668,100346084444242169770654780250445411069280856417744040979214566744802148793875,258,UNKNOW:6,received
13199893048629954033670885125888800494757430082250118520065050430375869438577,13199893048629954033670885125888800494757430082250118520065050430375869438577,379,MSG_RESPONSE,received
102666237640393879762969598305790141325978495061465050033587594266666388306876,102666237640393879762969598305790141325978495061465050033587594266666388306876,138,MSG_RESPONSE,received
7761671270246830666556750308371715563408160316947797203202748726645806857192,7761671270246830666556750308371715563408160316947797203202748726645806857192,259,MSG_RESPONSE,received
110830005025784807707885435240401099235828375068450137393853593228726798821950,34193150309944160930984138949035905471541865820819119492245752871851783559564,139,UNKNOW:6,received
85952945096512000443818172970767333825193241660821954780923427068599225917105,85952945096512000443818172970767333825193241660821954780923427068599225917105,30,MSG_RESPONSE,received
76112196052391267763411878808706611479200956649252535579684596434120838241302,107226767459581317767844583912817849269583998434099643520621297707898981728768,31,UNKNOW:6,received
76112196052391267763411878808706611479200956649252535579684596434120838241302,76112196052391267763411878808706611479200956649252535579684596434120838241302,32,MSG_RESPONSE,received
80436537982845104255164778696387429036439345036294943921297296796280619419156,6139734692434225139696315491748680034056660966745086280273468544856540785789,34,UNKNOW:6,received
83814183170291850251680823880522715558189094423550585243365458794131648333116,6139734692434225139696315491748680034056660966745086280273468544856540785789,35,UNKNOW:6,received
85952945096512000443818172970767333825193241660821954780923427068599225917105,6139734692434225139696315491748680034056660966745086280273468544856540785789,36,UNKNOW:6,received
85952945096512000443818172970767333825193241660821954780923427068599225917105,85952945096512000443818172970767333825193241660821954780923427068599225917105,37,MSG_RESPONSE,received
80436537982845104255164778696387429036439345036294943921297296796280619419156,80436537982845104255164778696387429036439345036294943921297296796280619419156,38,MSG_RESPONSE,received
83814183170291850251680823880522715558189094423550585243365458794131648333116,83814183170291850251680823880522715558189094423550585243365458794131648333116,39,MSG_RESPONSE,received
9185466949607685463484509659201603258529815925450851046400613701088132795501,9185466949607685463484509659201603258529815925450851046400613701088132795501,380,MSG_RESPONSE,received
10253295148924982754924438916670773240357611461115233717164119018598816496455,10253295148924982754924438916670773240357611461115233717164119018598816496455,260,MSG_RESPONSE,received
954402066555953299572824501884848134468269134543846024226189795442928926569,954402066555953299572824501884848134468269134543846024226189795442928926569,381,MSG_RESPONSE,received
109013771847957065744947126485427112651375275941206822465313116917139066007929,34193150309944160930984138949035905471541865820819119492245752871851783559564,140,UNKNOW:6,received
5913446381403408718712393547051865773512006038685437257404793731635684741668,5913446381403408718712393547051865773512006038685437257404793731635684741668,261,MSG_RESPONSE,received
2551007464785404855034167876346430663176567485784703275165417260167182340040,6842850380191459018205941524238530656413658729157723726603175504249655620495,382,UNKNOW:6,received
100346084444242169770654780250445411069280856417744040979214566744802148793875,34193150309944160930984138949035905471541865820819119492245752871851783559564,141,UNKNOW:6,received
6845747686488297574742732376865571671433557599158065555702952370731383636246,100346084444242169770654780250445411069280856417744040979214566744802148793875,262,UNKNOW:6,received
6845747686488297574742732376865571671433557599158065555702952370731383636246,6842850380191459018205941524238530656413658729157723726603175504249655620495,383,UNKNOW:6,received
100346084444242169770654780250445411069280856417744040979214566744802148793875,100346084444242169770654780250445411069280856417744040979214566744802148793875,142,MSG_RESPONSE,received
6845747686488297574742732376865571671433557599158065555702952370731383636246,6845747686488297574742732376865571671433557599158065555702952370731383636246,263,MSG_RESPONSE,received
5913446381403408718712393547051865773512006038685437257404793731635684741668,6842850380191459018205941524238530656413658729157723726603175504249655620495,384,UNKNOW:6,received
109013771847957065744947126485427112651375275941206822465313116917139066007929,109013771847957065744947126485427112651375275941206822465313116917139066007929,143,MSG_RESPONSE,received
5913446381403408718712393547051865773512006038685437257404793731635684741668,5913446381403408718712393547051865773512006038685437257404793731635684741668,385,MSG_RESPONSE,received
110830005025784807707885435240401099235828375068450137393853593228726798821950,110830005025784807707885435240401099235828375068450137393853593228726798821950,144,MSG_RESPONSE,received
7827414009565362401611564523797608739606719013706381854873848927121668981393,81496702492821323589029404992960222428602622490827698355804816886064890750563,265,UNKNOW:6,received
6845747686488297574742732376865571671433557599158065555702952370731383636246,6845747686488297574742732376865571671433557599158065555702952370731383636246,386,MSG_RESPONSE,received
100710966811344164170019005667288995780230376743987399018889372134710109783309,34193150309944160930984138949035905471541865820819119492245752871851783559564,145,UNKNOW:6,received
10253295148924982754924438916670773240357611461115233717164119018598816496455,81496702492821323589029404992960222428602622490827698355804816886064890750563,266,UNKNOW:6,received
2551007464785404855034167876346430663176567485784703275165417260167182340040,2551007464785404855034167876346430663176567485784703275165417260167182340040,387,MSG_RESPONSE,received
94106796186339331400929849200346087279099687264562379950487262940326113636619,34193150309944160930984138949035905471541865820819119492245752871851783559564,146,UNKNOW:6,received
13199893048629954033670885125888800494757430082250118520065050430375869438577,81496702492821323589029404992960222428602622490827698355804816886064890750563,267,UNKNOW:6,received
15816423376537687498175658716381325840356423323453352469729329490184209416980,6842850380191459018205941524238530656413658729157723726603175504249655620495,388,UNKNOW:6,received
94166819983848802291288613711394409948622183691106524388435331383519487988961,34193150309944160930984138949035905471541865820819119492245752871851783559564,147,UNKNOW:6,received
10253295148924982754924438916670773240357611461115233717164119018598816496455,10253295148924982754924438916670773240357611461115233717164119018598816496455,268,MSG_RESPONSE,received
16646573879907590399509196024616451507181138714942166530960518507274707557048,6842850380191459018205941524238530656413658729157723726603175504249655620495,389,UNKNOW:6,received
100710966811344164170019005667288995780230376743987399018889372134710109783309,100710966811344164170019005667288995780230376743987399018889372134710109783309,148,MSG_RESPONSE,received
13199893048629954033670885125888800494757430082250118520065050430375869438577,13199893048629954033670885125888800494757430082250118520065050430375869438577,269,MSG_RESPONSE,received
94106796186339331400929849200346087279099687264562379950487262940326113636619,94106796186339331400929849200346087279099687264562379950487262940326113636619,149,MSG_RESPONSE,received
73983924197885449628468560258946709222137735307889878525802023542666498673898,6139734692434225139696315491748680034056660966745086280273468544856540785789,40,UNKNOW:6,received
76010300722204424121412918284143240278198319473598938891779554382746310657067,6139734692434225139696315491748680034056660966745086280273468544856540785789,41,UNKNOW:6,received
78506933086795364704086891885315902559701516460652039157379722272371046958496,6139734692434225139696315491748680034056660966745086280273468544856540785789,42,UNKNOW:6,received
76010300722204424121412918284143240278198319473598938891779554382746310657067,76010300722204424121412918284143240278198319473598938891779554382746310657067,43,MSG_RESPONSE,received
73983924197885449628468560258946709222137735307889878525802023542666498673898,73983924197885449628468560258946709222137735307889878525802023542666498673898,44,MSG_RESPONSE,received
78506933086795364704086891885315902559701516460652039157379722272371046958496,78506933086795364704086891885315902559701516460652039157379722272371046958496,45,MSG_RESPONSE,received
65531265861602645054365044404976138351675371044965631563164901232683307247097,6139734692434225139696315491748680034056660966745086280273468544856540785789,46,UNKNOW:6,received
70421789635389047983695523996575154748247230649218127786954559401465316856585,6139734692434225139696315491748680034056660966745086280273468544856540785789,47,UNKNOW:6,received
59153507310280160812999262436530984265687896154025783184150669902028700902547,6139734692434225139696315491748680034056660966745086280273468544856540785789,48,UNKNOW:6,received
59153507310280160812999262436530984265687896154025783184150669902028700902547,59153507310280160812999262436530984265687896154025783184150669902028700902547,49,MSG_RESPONSE,received
19150908045378431067564625695205388764033357032114725051049053409413073865519,6842850380191459018205941524238530656413658729157723726603175504249655620495,390,UNKNOW:6,received
7827414009565362401611564523797608739606719013706381854873848927121668981393,7827414009565362401611564523797608739606719013706381854873848927121668981393,270,MSG_RESPONSE,received
15816423376537687498175658716381325840356423323453352469729329490184209416980,15816423376537687498175658716381325840356423323453352469729329490184209416980,391,MSG_RESPONSE,received
94166819983848802291288613711394409948622183691106524388435331383519487988961,94166819983848802291288613711394409948622183691106524388435331383519487988961,150,MSG_RESPONSE,received
5913446381403408718712393547051865773512006038685437257404793731635684741668,81496702492821323589029404992960222428602622490827698355804816886064890750563,271,UNKNOW:6,received
16646573879907590399509196024616451507181138714942166530960518507274707557048,16646573879907590399509196024616451507181138714942166530960518507274707557048,392,MSG_RESPONSE,received
73983924197885449628468560258946709222137735307889878525802023542666498673898,34193150309944160930984138949035905471541865820819119492245752871851783559564,151,UNKNOW:6,received
6842850380191459018205941524238530656413658729157723726603175504249655620495,81496702492821323589029404992960222428602622490827698355804816886064890750563,272,UNKNOW:6,received
19150908045378431067564625695205388764033357032114725051049053409413073865519,19150908045378431067564625695205388764033357032114725051049053409413073865519,393,MSG_RESPONSE,received
82731931477539070692868728073311431658483889524401297311805181393196701136193,34193150309944160930984138949035905471541865820819119492245752871851783559564,152,UNKNOW:6,received
6845747686488297574742732376865571671433557599158065555702952370731383636246,81496702492821323589029404992960222428602622490827698355804816886064890750563,273,UNKNOW:6,received
19191192076126320640924247483532137198489043609278031166569798519948120420409,6842850380191459018205941524238530656413658729157723726603175504249655620495,394,UNKNOW:6,received
80078577880492190055291958835687491351447235353520825150881534967336775717810,34193150309944160930984138949035905471541865820819119492245752871851783559564,153,UNKNOW:6,received
6842850380191459018205941524238530656413658729157723726603175504249655620495,6842850380191459018205941524238530656413658729157723726603175504249655620495,274,MSG_RESPONSE,received
19191192076126320640924247483532137198489043609278031166569798519948120420409,19191192076126320640924247483532137198489043609278031166569798519948120420409,395,MSG_RESPONSE,received
82731931477539070692868728073311431658483889524401297311805181393196701136193,82731931477539070692868728073311431658483889524401297311805181393196701136193,154,MSG_RESPONSE,received
6845747686488297574742732376865571671433557599158065555702952370731383636246,6845747686488297574742732376865571671433557599158065555702952370731383636246,275,MSG_RESPONSE,received
80078577880492190055291958835687491351447235353520825150881534967336775717810,80078577880492190055291958835687491351447235353520825150881534967336775717810,155,MSG_RESPONSE,received
5913446381403408718712393547051865773512006038685437257404793731635684741668,5913446381403408718712393547051865773512006038685437257404793731635684741668,276,MSG_RESPONSE,received
73983924197885449628468560258946709222137735307889878525802023542666498673898,73983924197885449628468560258946709222137735307889878525802023542666498673898,156,MSG_RESPONSE,received
28405567267148912274947717076150922520726865727784858964480895171462127121117,81496702492821323589029404992960222428602622490827698355804816886064890750563,277,UNKNOW:6,received
81369626915381206686123294800870750548857161636807104342760885069864211144176,34193150309944160930984138949035905471541865820819119492245752871851783559564,157,UNKNOW:6,received
19191192076126320640924247483532137198489043609278031166569798519948120420409,81496702492821323589029404992960222428602622490827698355804816886064890750563,278,UNKNOW:6,received
63299461002591671690399450738055632879211779425444608502958424414770556458329,34193150309944160930984138949035905471541865820819119492245752871851783559564,158,UNKNOW:6,received
29308574970721985869976997856287738428258479188150243391593906286368022866842,81496702492821323589029404992960222428602622490827698355804816886064890750563,279,UNKNOW:6,received
62436362823430421640289972361387227137568751652519106266105595549386515717638,34193150309944160930984138949035905471541865820819119492245752871851783559564,159,UNKNOW:6,received
70421789635389047983695523996575154748247230649218127786954559401465316856585,70421789635389047983695523996575154748247230649218127786954559401465316856585,50,MSG_RESPONSE,received
65531265861602645054365044404976138351675371044965631563164901232683307247097,65531265861602645054365044404976138351675371044965631563164901232683307247097,51,MSG_RESPONSE,received
62101433460086714777742258717986077936219151512656858979668212515437770683208,6139734692434225139696315491748680034056660966745086280273468544856540785789,52,UNKNOW:6,received
63290895275042962269129061379389938533282329774752739751401285668929772662851,6139734692434225139696315491748680034056660966745086280273468544856540785789,53,UNKNOW:6,received
109013771847957065744947126485427112651375275941206822465313116917139066007929,6139734692434225139696315491748680034056660966745086280273468544856540785789,54,UNKNOW:6,received
63290895275042962269129061379389938533282329774752739751401285668929772662851,63290895275042962269129061379389938533282329774752739751401285668929772662851,55,MSG_RESPONSE,received
62101433460086714777742258717986077936219151512656858979668212515437770683208,62101433460086714777742258717986077936219151512656858979668212515437770683208,56,MSG_RESPONSE,received
109013771847957065744947126485427112651375275941206822465313116917139066007929,109013771847957065744947126485427112651375275941206822465313116917139066007929,57,MSG_RESPONSE,received
105875080412760148429624501763827624212327272056781024099513955699004588522759,6139734692434225139696315491748680034056660966745086280273468544856540785789,58,UNKNOW:6,received
107442146857094918533505676591216762960158330958637723605132424179098757693914,6139734692434225139696315491748680034056660966745086280273468544856540785789,59,UNKNOW:6,received
19191192076126320640924247483532137198489043609278031166569798519948120420409,19191192076126320640924247483532137198489043609278031166569798519948120420409,280,MSG_RESPONSE,received
63299461002591671690399450738055632879211779425444608502958424414770556458329,63299461002591671690399450738055632879211779425444608502958424414770556458329,160,MSG_RESPONSE,received
28405567267148912274947717076150922520726865727784858964480895171462127121117,28405567267148912274947717076150922520726865727784858964480895171462127121117,281,MSG_RESPONSE,received
62436362823430421640289972361387227137568751652519106266105595549386515717638,62436362823430421640289972361387227137568751652519106266105595549386515717638,161,MSG_RESPONSE,received
29308574970721985869976997856287738428258479188150243391593906286368022866842,29308574970721985869976997856287738428258479188150243391593906286368022866842,282,MSG_RESPONSE,received
81369626915381206686123294800870750548857161636807104342760885069864211144176,81369626915381206686123294800870750548857161636807104342760885069864211144176,162,MSG_RESPONSE,received
29962974551556264107139565618776234242877499069272742507795436497718761004129,81496702492821323589029404992960222428602622490827698355804816886064890750563,283,UNKNOW:6,received
70421789635389047983695523996575154748247230649218127786954559401465316856585,34193150309944160930984138949035905471541865820819119492245752871851783559564,163,UNKNOW:6,received
33748437612422773219378968224765130741693226654183676333640231977266549442093,81496702492821323589029404992960222428602622490827698355804816886064890750563,284,UNKNOW:6,received
70421789635389047983695523996575154748247230649218127786954559401465316856585,70421789635389047983695523996575154748247230649218127786954559401465316856585,164,MSG_RESPONSE,received
53136523427784306876104111926216060684054468193485696935130628656115512322012,81496702492821323589029404992960222428602622490827698355804816886064890750563,285,UNKNOW:6,received
29962974551556264107139565618776234242877499069272742507795436497718761004129,29962974551556264107139565618776234242877499069272742507795436497718761004129,286,MSG_RESPONSE,received
63290895275042962269129061379389938533282329774752739751401285668929772662851,103023377138807206278733807591160921399649398132682328939195930395491904695900,166,UNKNOW:6,received
33748437612422773219378968224765130741693226654183676333640231977266549442093,33748437612422773219378968224765130741693226654183676333640231977266549442093,287,MSG_RESPONSE,received
63299461002591671690399450738055632879211779425444608502958424414770556458329,103023377138807206278733807591160921399649398132682328939195930395491904695900,167,UNKNOW:6,received
53136523427784306876104111926216060684054468193485696935130628656115512322012,53136523427784306876104111926216060684054468193485696935130628656115512322012,288,MSG_RESPONSE,received
63603999239902030189280818576798290226753581865749269433972301647817541131797,103023377138807206278733807591160921399649398132682328939195930395491904695900,168,UNKNOW:6,received
53419674511685754302540162400396459817063132523141097549792039196438525535419,81496702492821323589029404992960222428602622490827698355804816886064890750563,289,UNKNOW:6,received
63290895275042962269129061379389938533282329774752739751401285668929772662851,63290895275042962269129061379389938533282329774752739751401285668929772662851,169,MSG_RESPONSE,received
86943771941966688752667475392185371836174192579274714875607531191477248999971,6139734692434225139696315491748680034056660966745086280273468544856540785789,60,UNKNOW:6,received
105875080412760148429624501763827624212327272056781024099513955699004588522759,105875080412760148429624501763827624212327272056781024099513955699004588522759,61,MSG_RESPONSE,received
86943771941966688752667475392185371836174192579274714875607531191477248999971,86943771941966688752667475392185371836174192579274714875607531191477248999971,62,MSG_RESPONSE,received
107442146857094918533505676591216762960158330958637723605132424179098757693914,107442146857094918533505676591216762960158330958637723605132424179098757693914,63,MSG_RESPONSE,received
90139361500628753674577996335665166398172649078335092093573792978485728459949,6139734692434225139696315491748680034056660966745086280273468544856540785789,64,UNKNOW:6,received
90139361500628753674577996335665166398172649078335092093573792978485728459949,90139361500628753674577996335665166398172649078335092093573792978485728459949,65,MSG_RESPONSE,received
19191192076126320640924247483532137198489043609278031166569798519948120420409,97396465113567783387408698507103276241308442107028419582667549023377488742385,67,UNKNOW:6,received
16646573879907590399509196024616451507181138714942166530960518507274707557048,97396465113567783387408698507103276241308442107028419582667549023377488742385,68,UNKNOW:6,received
9185466949607685463484509659201603258529815925450851046400613701088132795501,97396465113567783387408698507103276241308442107028419582667549023377488742385,69,UNKNOW:6,received
56559387814334441412492971762632785811474826849429050294240973483603606408466,81496702492821323589029404992960222428602622490827698355804816886064890750563,290,UNKNOW:6,received
63299461002591671690399450738055632879211779425444608502958424414770556458329,63299461002591671690399450738055632879211779425444608502958424414770556458329,170,MSG_RESPONSE,received
50257864748696071111545604552366529653683846146637534008155069048676665739852,81496702492821323589029404992960222428602622490827698355804816886064890750563,291,UNKNOW:6,received
63603999239902030189280818576798290226753581865749269433972301647817541131797,63603999239902030189280818576798290226753581865749269433972301647817541131797,171,MSG_RESPONSE,received
53419674511685754302540162400396459817063132523141097549792039196438525535419,53419674511685754302540162400396459817063132523141097549792039196438525535419,292,MSG_RESPONSE,received
59153507310280160812999262436530984265687896154025783184150669902028700902547,103023377138807206278733807591160921399649398132682328939195930395491904695900,172,UNKNOW:6,received
50257864748696071111545604552366529653683846146637534008155069048676665739852,50257864748696071111545604552366529653683846146637534008155069048676665739852,293,MSG_RESPONSE,received
70306270102513096388680130443380265238500025331999969146551560363734640998230,103023377138807206278733807591160921399649398132682328939195930395491904695900,173,UNKNOW:6,received
56559387814334441412492971762632785811474826849429050294240973483603606408466,56559387814334441412492971762632785811474826849429050294240973483603606408466,294,MSG_RESPONSE,received
70421789635389047983695523996575154748247230649218127786954559401465316856585,103023377138807206278733807591160921399649398132682328939195930395491904695900,174,UNKNOW:6,received
50624224905935046284280632570062171400083693191267718494135709787318191402780,81496702492821323589029404992960222428602622490827698355804816886064890750563,295,UNKNOW:6,received
70306270102513096388680130443380265238500025331999969146551560363734640998230,70306270102513096388680130443380265238500025331999969146551560363734640998230,175,MSG_RESPONSE,received
50624224905935046284280632570062171400083693191267718494135709787318191402780,50624224905935046284280632570062171400083693191267718494135709787318191402780,296,MSG_RESPONSE,received
70421789635389047983695523996575154748247230649218127786954559401465316856585,70421789635389047983695523996575154748247230649218127786954559401465316856585,176,MSG_RESPONSE,received
59153507310280160812999262436530984265687896154025783184150669902028700902547,59153507310280160812999262436530984265687896154025783184150669902028700902547,177,MSG_RESPONSE,received
83814183170291850251680823880522715558189094423550585243365458794131648333116,6845747686488297574742732376865571671433557599158065555702952370731383636246,298,UNKNOW:6,received
66649874376735101542746891127405196807545622139112982889443207191569795016225,103023377138807206278733807591160921399649398132682328939195930395491904695900,178,UNKNOW:6,received
81369626915381206686123294800870750548857161636807104342760885069864211144176,6845747686488297574742732376865571671433557599158065555702952370731383636246,299,UNKNOW:6,received
65531265861602645054365044404976138351675371044965631563164901232683307247097,103023377138807206278733807591160921399649398132682328939195930395491904695900,179,UNKNOW:6,received
16646573879907590399509196024616451507181138714942166530960518507274707557048,16646573879907590399509196024616451507181138714942166530960518507274707557048,70,MSG_RESPONSE,received
19191192076126320640924247483532137198489043609278031166569798519948120420409,19191192076126320640924247483532137198489043609278031166569798519948120420409,71,MSG_RESPONSE,received
9185466949607685463484509659201603258529815925450851046400613701088132795501,9185466949607685463484509659201603258529815925450851046400613701088132795501,72,MSG_RESPONSE,received
9181430055628084890681475351064702665344840479889262823812967623746445346585,97396465113567783387408698507103276241308442107028419582667549023377488742385,73,UNKNOW:6,received
7761671270246830666556750308371715563408160316947797203202748726645806857192,97396465113567783387408698507103276241308442107028419582667549023377488742385,74,UNKNOW:6,received
5913446381403408718712393547051865773512006038685437257404793731635684741668,97396465113567783387408698507103276241308442107028419582667549023377488742385,75,UNKNOW:6,received
7761671270246830666556750308371715563408160316947797203202748726645806857192,7761671270246830666556750308371715563408160316947797203202748726645806857192,76,MSG_RESPONSE,received
5913446381403408718712393547051865773512006038685437257404793731635684741668,5913446381403408718712393547051865773512006038685437257404793731635684741668,77,MSG_RESPONSE,received
9181430055628084890681475351064702665344840479889262823812967623746445346585,9181430055628084890681475351064702665344840479889262823812967623746445346585,78,MSG_RESPONSE,received
2551007464785404855034167876346430663176567485784703275165417260167182340040,97396465113567783387408698507103276241308442107028419582667549023377488742385,79,UNKNOW:6,received
65898252939570076734014182015016528892840675250769063527634133407638158386585,103023377138807206278733807591160921399649398132682328939195930395491904695900,180,UNKNOW:6,received
66649874376735101542746891127405196807545622139112982889443207191569795016225,66649874376735101542746891127405196807545622139112982889443207191569795016225,181,MSG_RESPONSE,received
65531265861602645054365044404976138351675371044965631563164901232683307247097,65531265861602645054365044404976138351675371044965631563164901232683307247097,182,MSG_RESPONSE,received
65898252939570076734014182015016528892840675250769063527634133407638158386585,65898252939570076734014182015016528892840675250769063527634133407638158386585,183,MSG_RESPONSE,received
68356505086535551200608907163321701216452589350994452258651217546217669618851,103023377138807206278733807591160921399649398132682328939195930395491904695900,184,UNKNOW:6,received
77847753311679732418774984008470339270558138939722728860101600240425927830514,103023377138807206278733807591160921399649398132682328939195930395491904695900,185,UNKNOW:6,received
73983924197885449628468560258946709222137735307889878525802023542666498673898,103023377138807206278733807591160921399649398132682328939195930395491904695900,186,UNKNOW:6,received
68356505086535551200608907163321701216452589350994452258651217546217669618851,68356505086535551200608907163321701216452589350994452258651217546217669618851,187,MSG_RESPONSE,received
77847753311679732418774984008470339270558138939722728860101600240425927830514,77847753311679732418774984008470339270558138939722728860101600240425927830514,188,MSG_RESPONSE,received
73983924197885449628468560258946709222137735307889878525802023542666498673898,73983924197885449628468560258946709222137735307889878525802023542666498673898,189,MSG_RESPONSE,received
954402066555953299572824501884848134468269134543846024226189795442928926569,97396465113567783387408698507103276241308442107028419582667549023377488742385,80,UNKNOW:6,received
50624224905935046284280632570062171400083693191267718494135709787318191402780,97396465113567783387408698507103276241308442107028419582667549023377488742385,81,UNKNOW:6,received
2551007464785404855034167876346430663176567485784703275165417260167182340040,2551007464785404855034167876346430663176567485784703275165417260167182340040,82,MSG_RESPONSE,received
50624224905935046284280632570062171400083693191267718494135709787318191402780,50624224905935046284280632570062171400083693191267718494135709787318191402780,83,MSG_RESPONSE,received
954402066555953299572824501884848134468269134543846024226189795442928926569,954402066555953299572824501884848134468269134543846024226189795442928926569,84,MSG_RESPONSE,received
48121687976714306096688386195195848836439715862380011548457932545876468136739,97396465113567783387408698507103276241308442107028419582667549023377488742385,85,UNKNOW:6,received
43568084745305296127223125163439810702938064612217787378858319248651442968139,97396465113567783387408698507103276241308442107028419582667549023377488742385,86,UNKNOW:6,received
45181904661908718455410778292134478731360323933496910893633573989877944433026,97396465113567783387408698507103276241308442107028419582667549023377488742385,87,UNKNOW:6,received
43568084745305296127223125163439810702938064612217787378858319248651442968139,43568084745305296127223125163439810702938064612217787378858319248651442968139,88,MSG_RESPONSE,received
45181904661908718455410778292134478731360323933496910893633573989877944433026,45181904661908718455410778292134478731360323933496910893633573989877944433026,89,MSG_RESPONSE,received
83814183170291850251680823880522715558189094423550585243365458794131648333116,103023377138807206278733807591160921399649398132682328939195930395491904695900,190,UNKNOW:6,received
85952945096512000443818172970767333825193241660821954780923427068599225917105,103023377138807206278733807591160921399649398132682328939195930395491904695900,191,UNKNOW:6,received
80078577880492190055291958835687491351447235353520825150881534967336775717810,103023377138807206278733807591160921399649398132682328939195930395491904695900,192,UNKNOW:6,received
83814183170291850251680823880522715558189094423550585243365458794131648333116,83814183170291850251680823880522715558189094423550585243365458794131648333116,193,MSG_RESPONSE,received
85952945096512000443818172970767333825193241660821954780923427068599225917105,85952945096512000443818172970767333825193241660821954780923427068599225917105,194,MSG_RESPONSE,received
80078577880492190055291958835687491351447235353520825150881534967336775717810,80078577880492190055291958835687491351447235353520825150881534967336775717810,195,MSG_RESPONSE,received
82731931477539070692868728073311431658483889524401297311805181393196701136193,103023377138807206278733807591160921399649398132682328939195930395491904695900,196,UNKNOW:6,received
82731931477539070692868728073311431658483889524401297311805181393196701136193,82731931477539070692868728073311431658483889524401297311805181393196701136193,197,MSG_RESPONSE,received
89170093772947720028055193228494233014930937591224687191429179063994804562131,83814183170291850251680823880522715558189094423550585243365458794131648333116,199,UNKNOW:6,received
48121687976714306096688386195195848836439715862380011548457932545876468136739,48121687976714306096688386195195848836439715862380011548457932545876468136739,90,MSG_RESPONSE,received
38418340655382688823720733462922658279373288790663591115478075961271636980803,97396465113567783387408698507103276241308442107028419582667549023377488742385,91,UNKNOW:6,received
31783015179489967560239444859659910659306992864071359414512705489668604703546,97396465113567783387408698507103276241308442107028419582667549023377488742385,92,UNKNOW:6,received
29308574970721985869976997856287738428258479188150243391593906286368022866842,97396465113567783387408698507103276241308442107028419582667549023377488742385,93,UNKNOW:6,received
31783015179489967560239444859659910659306992864071359414512705489668604703546,31783015179489967560239444859659910659306992864071359414512705489668604703546,94,MSG_RESPONSE,received
29308574970721985869976997856287738428258479188150243391593906286368022866842,29308574970721985869976997856287738428258479188150243391593906286368022866842,95,MSG_RESPONSE,received
38418340655382688823720733462922658279373288790663591115478075961271636980803,38418340655382688823720733462922658279373288790663591115478075961271636980803,96,MSG_RESPONSE,received
29962974551556264107139565618776234242877499069272742507795436497718761004129,97396465113567783387408698507103276241308442107028419582667549023377488742385,97,UNKNOW:6,received
29962974551556264107139565618776234242877499069272742507795436497718761004129,29962974551556264107139565618776234242877499069272742507795436497718761004129,98,MSG_RESPONSE,received
63299461002591671690399450738055632879211779425444608502958424414770556458329,6845747686488297574742732376865571671433557599158065555702952370731383636246,300,UNKNOW:6,received
63299461002591671690399450738055632879211779425444608502958424414770556458329,63299461002591671690399450738055632879211779425444608502958424414770556458329,301,MSG_RESPONSE,received
83814183170291850251680823880522715558189094423550585243365458794131648333116,83814183170291850251680823880522715558189094423550585243365458794131648333116,302,MSG_RESPONSE,received
81369626915381206686123294800870750548857161636807104342760885069864211144176,81369626915381206686123294800870750548857161636807104342760885069864211144176,303,MSG_RESPONSE,received
58264319852933632286469580619958992168067118685244184571393188136088086908036,6845747686488297574742732376865571671433557599158065555702952370731383636246,304,UNKNOW:6,received
59153507310280160812999262436530984265687896154025783184150669902028700902547,6845747686488297574742732376865571671433557599158065555702952370731383636246,305,UNKNOW:6,received
71896941978754809488137974348151998693205792533709324513258578369466739949960,6845747686488297574742732376865571671433557599158065555702952370731383636246,306,UNKNOW:6,received
59153507310280160812999262436530984265687896154025783184150669902028700902547,59153507310280160812999262436530984265687896154025783184150669902028700902547,307,MSG_RESPONSE,received
71896941978754809488137974348151998693205792533709324513258578369466739949960,71896941978754809488137974348151998693205792533709324513258578369466739949960,308,MSG_RESPONSE,received
58264319852933632286469580619958992168067118685244184571393188136088086908036,58264319852933632286469580619958992168067118685244184571393188136088086908036,309,MSG_RESPONSE,received
70421789635389047983695523996575154748247230649218127786954559401465316856585,6845747686488297574742732376865571671433557599158065555702952370731383636246,310,UNKNOW:6,received
65531265861602645054365044404976138351675371044965631563164901232683307247097,6845747686488297574742732376865571671433557599158065555702952370731383636246,311,UNKNOW:6,received
107442146857094918533505676591216762960158330958637723605132424179098757693914,6845747686488297574742732376865571671433557599158065555702952370731383636246,312,UNKNOW:6,received
65531265861602645054365044404976138351675371044965631563164901232683307247097,65531265861602645054365044404976138351675371044965631563164901232683307247097,313,MSG_RESPONSE,received
70421789635389047983695523996575154748247230649218127786954559401465316856585,70421789635389047983695523996575154748247230649218127786954559401465316856585,314,MSG_RESPONSE,received
107442146857094918533505676591216762960158330958637723605132424179098757693914,107442146857094918533505676591216762960158330958637723605132424179098757693914,315,MSG_RESPONSE,received
107758395224189915966009929936085500083576551061330295183245479691742702859344,6845747686488297574742732376865571671433557599158065555702952370731383636246,316,UNKNOW:6,received
106492057015924802230167652532529945865945802282888232155935962023688916599785,6845747686488297574742732376865571671433557599158065555702952370731383636246,317,UNKNOW:6,received
103023377138807206278733807591160921399649398132682328939195930395491904695900,6845747686488297574742732376865571671433557599158065555702952370731383636246,318,UNKNOW:6,received
106492057015924802230167652532529945865945802282888232155935962023688916599785,106492057015924802230167652532529945865945802282888232155935962023688916599785,319,MSG_RESPONSE,received
107758395224189915966009929936085500083576551061330295183245479691742702859344,107758395224189915966009929936085500083576551061330295183245479691742702859344,320,MSG_RESPONSE,received
89333137326635079115430978578397364590151192892532202457099489458922729533182,83814183170291850251680823880522715558189094423550585243365458794131648333116,200,UNKNOW:6,received
103023377138807206278733807591160921399649398132682328939195930395491904695900,103023377138807206278733807591160921399649398132682328939195930395491904695900,321,MSG_RESPONSE,received
86943771941966688752667475392185371836174192579274714875607531191477248999971,83814183170291850251680823880522715558189094423550585243365458794131648333116,201,UNKNOW:6,received
110830005025784807707885435240401099235828375068450137393853593228726798821950,6845747686488297574742732376865571671433557599158065555702952370731383636246,322,UNKNOW:6,received
89170093772947720028055193228494233014930937591224687191429179063994804562131,89170093772947720028055193228494233014930937591224687191429179063994804562131,202,MSG_RESPONSE,received
110028095818714480356333281727170616989721973378555742024494465170683228756268,6845747686488297574742732376865571671433557599158065555702952370731383636246,323,UNKNOW:6,received
86943771941966688752667475392185371836174192579274714875607531191477248999971,86943771941966688752667475392185371836174192579274714875607531191477248999971,203,MSG_RESPONSE,received
89333137326635079115430978578397364590151192892532202457099489458922729533182,6845747686488297574742732376865571671433557599158065555702952370731383636246,324,UNKNOW:6,received
89333137326635079115430978578397364590151192892532202457099489458922729533182,89333137326635079115430978578397364590151192892532202457099489458922729533182,204,MSG_RESPONSE,received
110028095818714480356333281727170616989721973378555742024494465170683228756268,110028095818714480356333281727170616989721973378555742024494465170683228756268,325,MSG_RESPONSE,received
97396465113567783387408698507103276241308442107028419582667549023377488742385,83814183170291850251680823880522715558189094423550585243365458794131648333116,205,UNKNOW:6,received
89333137326635079115430978578397364590151192892532202457099489458922729533182,89333137326635079115430978578397364590151192892532202457099489458922729533182,326,MSG_RESPONSE,received
94706054683235445236064657084567733680924275214083410285491347831972096559565,83814183170291850251680823880522715558189094423550585243365458794131648333116,206,UNKNOW:6,received
110830005025784807707885435240401099235828375068450137393853593228726798821950,110830005025784807707885435240401099235828375068450137393853593228726798821950,327,MSG_RESPONSE,received
94106796186339331400929849200346087279099687264562379950487262940326113636619,83814183170291850251680823880522715558189094423550585243365458794131648333116,207,UNKNOW:6,received
94166819983848802291288613711394409948622183691106524388435331383519487988961,6845747686488297574742732376865571671433557599158065555702952370731383636246,328,UNKNOW:6,received
97396465113567783387408698507103276241308442107028419582667549023377488742385,97396465113567783387408698507103276241308442107028419582667549023377488742385,208,MSG_RESPONSE,received
94166819983848802291288613711394409948622183691106524388435331383519487988961,94166819983848802291288613711394409948622183691106524388435331383519487988961,329,MSG_RESPONSE,received
94706054683235445236064657084567733680924275214083410285491347831972096559565,94706054683235445236064657084567733680924275214083410285491347831972096559565,209,MSG_RESPONSE,received
94106796186339331400929849200346087279099687264562379950487262940326113636619,94106796186339331400929849200346087279099687264562379950487262940326113636619,210,MSG_RESPONSE,received
110028095818714480356333281727170616989721973378555742024494465170683228756268,56559387814334441412492971762632785811474826849429050294240973483603606408466,331,UNKNOW:6,received
100346084444242169770654780250445411069280856417744040979214566744802148793875,83814183170291850251680823880522715558189094423550585243365458794131648333116,211,UNKNOW:6,received
101912172775461942554600207408320964569953907687904153668749879454884188618850,56559387814334441412492971762632785811474826849429050294240973483603606408466,332,UNKNOW:6,received
103023377138807206278733807591160921399649398132682328939195930395491904695900,83814183170291850251680823880522715558189094423550585243365458794131648333116,212,UNKNOW:6,received
103023377138807206278733807591160921399649398132682328939195930395491904695900,56559387814334441412492971762632785811474826849429050294240973483603606408466,333,UNKNOW:6,received
102666237640393879762969598305790141325978495061465050033587594266666388306876,83814183170291850251680823880522715558189094423550585243365458794131648333116,213,UNKNOW:6,received
101912172775461942554600207408320964569953907687904153668749879454884188618850,101912172775461942554600207408320964569953907687904153668749879454884188618850,334,MSG_RESPONSE,received
100346084444242169770654780250445411069280856417744040979214566744802148793875,100346084444242169770654780250445411069280856417744040979214566744802148793875,214,MSG_RESPONSE,received
110028095818714480356333281727170616989721973378555742024494465170683228756268,110028095818714480356333281727170616989721973378555742024494465170683228756268,335,MSG_RESPONSE,received
103023377138807206278733807591160921399649398132682328939195930395491904695900,103023377138807206278733807591160921399649398132682328939195930395491904695900,215,MSG_RESPONSE,received
103023377138807206278733807591160921399649398132682328939195930395491904695900,103023377138807206278733807591160921399649398132682328939195930395491904695900,336,MSG_RESPONSE,received
102666237640393879762969598305790141325978495061465050033587594266666388306876,102666237640393879762969598305790141325978495061465050033587594266666388306876,216,MSG_RESPONSE,received
107442146857094918533505676591216762960158330958637723605132424179098757693914,56559387814334441412492971762632785811474826849429050294240973483603606408466,337,UNKNOW:6,received
107226767459581317767844583912817849269583998434099643520621297707898981728768,83814183170291850251680823880522715558189094423550585243365458794131648333116,217,UNKNOW:6,received
97396465113567783387408698507103276241308442107028419582667549023377488742385,56559387814334441412492971762632785811474826849429050294240973483603606408466,338,UNKNOW:6,received
105875080412760148429624501763827624212327272056781024099513955699004588522759,83814183170291850251680823880522715558189094423550585243365458794131648333116,218,UNKNOW:6,received
90139361500628753674577996335665166398172649078335092093573792978485728459949,56559387814334441412492971762632785811474826849429050294240973483603606408466,339,UNKNOW:6,received
110830005025784807707885435240401099235828375068450137393853593228726798821950,83814183170291850251680823880522715558189094423550585243365458794131648333116,219,UNKNOW:6,received
97396465113567783387408698507103276241308442107028419582667549023377488742385,97396465113567783387408698507103276241308442107028419582667549023377488742385,340,MSG_RESPONSE,received
110830005025784807707885435240401099235828375068450137393853593228726798821950,110830005025784807707885435240401099235828375068450137393853593228726798821950,220,MSG_RESPONSE,received
107442146857094918533505676591216762960158330958637723605132424179098757693914,107442146857094918533505676591216762960158330958637723605132424179098757693914,341,MSG_RESPONSE,received
94706054683235445236064657084567733680924275214083410285491347831972096559565,30785878097002911169928081224865046996305996365267590437657074154186957111437,100,UNKNOW:6,received
105875080412760148429624501763827624212327272056781024099513955699004588522759,105875080412760148429624501763827624212327272056781024099513955699004588522759,221,MSG_RESPONSE,received
90139361500628753674577996335665166398172649078335092093573792978485728459949,90139361500628753674577996335665166398172649078335092093573792978485728459949,342,MSG_RESPONSE,received
97396465113567783387408698507103276241308442107028419582667549023377488742385,30785878097002911169928081224865046996305996365267590437657074154186957111437,101,UNKNOW:6,received
107226767459581317767844583912817849269583998434099643520621297707898981728768,107226767459581317767844583912817849269583998434099643520621297707898981728768,222,MSG_RESPONSE,received
90511429851826879211065261274096806209361290076668493692964796275875003980641,56559387814334441412492971762632785811474826849429050294240973483603606408466,343,UNKNOW:6,received
90511429851826879211065261274096806209361290076668493692964796275875003980641,30785878097002911169928081224865046996305996365267590437657074154186957111437,102,UNKNOW:6,received
109013771847957065744947126485427112651375275941206822465313116917139066007929,83814183170291850251680823880522715558189094423550585243365458794131648333116,223,UNKNOW:6,received
80078577880492190055291958835687491351447235353520825150881534967336775717810,56559387814334441412492971762632785811474826849429050294240973483603606408466,344,UNKNOW:6,received
94706054683235445236064657084567733680924275214083410285491347831972096559565,94706054683235445236064657084567733680924275214083410285491347831972096559565,103,MSG_RESPONSE,received
110028095818714480356333281727170616989721973378555742024494465170683228756268,83814183170291850251680823880522715558189094423550585243365458794131648333116,224,UNKNOW:6,received
79993537289510517617727051112637658078058749620127994120933006366663706350461,56559387814334441412492971762632785811474826849429050294240973483603606408466,345,UNKNOW:6,received
97396465113567783387408698507103276241308442107028419582667549023377488742385,97396465113567783387408698507103276241308442107028419582667549023377488742385,104,MSG_RESPONSE,received
114776748084927477031928191790569213859143943500011873769058109262763811528785,83814183170291850251680823880522715558189094423550585243365458794131648333116,225,UNKNOW:6,received
79993537289510517617727051112637658078058749620127994120933006366663706350461,79993537289510517617727051112637658078058749620127994120933006366663706350461,346,MSG_RESPONSE,received
90511429851826879211065261274096806209361290076668493692964796275875003980641,90511429851826879211065261274096806209361290076668493692964796275875003980641,105,MSG_RESPONSE,received
110028095818714480356333281727170616989721973378555742024494465170683228756268,110028095818714480356333281727170616989721973378555742024494465170683228756268,226,MSG_RESPONSE,received
80078577880492190055291958835687491351447235353520825150881534967336775717810,80078577880492190055291958835687491351447235353520825150881534967336775717810,347,MSG_RESPONSE,received
113971621484583213149305319679067523870715092451021047447352655827264442281807,30785878097002911169928081224865046996305996365267590437657074154186957111437,106,UNKNOW:6,received
114776748084927477031928191790569213859143943500011873769058109262763811528785,114776748084927477031928191790569213859143943500011873769058109262763811528785,227,MSG_RESPONSE,received
90511429851826879211065261274096806209361290076668493692964796275875003980641,90511429851826879211065261274096806209361290076668493692964796275875003980641,348,MSG_RESPONSE,received
114776748084927477031928191790569213859143943500011873769058109262763811528785,30785878097002911169928081224865046996305996365267590437657074154186957111437,107,UNKNOW:6,received
109013771847957065744947126485427112651375275941206822465313116917139066007929,109013771847957065744947126485427112651375275941206822465313116917139066007929,228,MSG_RESPONSE,received
81496702492821323589029404992960222428602622490827698355804816886064890750563,56559387814334441412492971762632785811474826849429050294240973483603606408466,349,UNKNOW:6,received
101912172775461942554600207408320964569953907687904153668749879454884188618850,30785878097002911169928081224865046996305996365267590437657074154186957111437,108,UNKNOW:6,received
112865437415906332786328398388168845416308980718933860169122309032360379224223,83814183170291850251680823880522715558189094423550585243365458794131648333116,229,UNKNOW:6,received
101912172775461942554600207408320964569953907687904153668749879454884188618850,101912172775461942554600207408320964569953907687904153668749879454884188618850,109,MSG_RESPONSE,received
