stop,src,start,messages,id,type
300,33057901427744996885166253623439714793260488559140394751233213880377582726184,300,9|,0,OP_FIND,
3300400,30785878097002911169928081224865046996305996365267590437657074154186957111437,3300000,147|151|153|152|155|,11,OP_FIND,
300200,39870940226800082852943579141980814408948018879682292233388391960521675327448,300000,33|37|38|39|,1,OP_FIND,
600100,76010300722204424121412918284143240278198319473598938891779554382746310657067,600100,42|,2,OP_FIND,
900200,61173923419037288412262022733090862370629030581186119839851210411825492959130,900000,79|85|84|83|,3,OP_FIND,
1200200,59184848002766027258529477589645470757597359217074230032228014140341183146840,1200000,86|91|92|90|,4,OP_FIND,
1500200,76010300722204424121412918284143240278198319473598938891779554382746310657067,1500000,93|98|99|97|,5,OP_FIND,
1800400,72279784725360002477028911440203510360532829182420522140629174724362490200381,1800000,100|106|104|105|108|,6,OP_FIND,
2100200,38463126794767875797452057635927294156323141995640060480390239211834804447456,2100000,109|113|114|115|,7,OP_FIND,
2400400,42276659100871179859407086048673339659035251825510314058164969165412318039104,2400000,116|120|122|121|126|125|,8,OP_FIND,
2700400,41260329252369733486361747985149374603695561863419623296201163675621353877234,2700000,127|132|133|131|137|136|,9,OP_FIND,
3000400,60095983629536286619928216554642412247289171544622774086148585095783346236104,3000000,138|143|142|144|146|,10,OP_FIND,
